{"cameraMode":{"drawMode":0,"name":"Shaded","section":"Shading Mode"},"sceneLighting":true,"audioPlay":false,"sceneViewState":{"showFog":true,"showMaterialUpdate":false,"showSkybox":true,"showFlares":true,"showImageEffects":true,"showParticleSystems":true,"showVisualEffectGraphs":true,"m_FxEnabled":true},"in2DMode":false,"pivot":{"x":32.236873626708987,"y":-0.8160476684570313,"z":8.620343208312989},"rotation":{"x":-0.04227834567427635,"y":-0.04138898476958275,"z":0.0013978570932522417,"w":-0.9983170032501221},"size":9.467118263244629,"orthographic":false}