{"cameraMode":{"drawMode":0,"name":"Shaded","section":"Shading Mode"},"sceneLighting":true,"audioPlay":false,"sceneViewState":{"showFog":true,"showMaterialUpdate":false,"showSkybox":true,"showFlares":true,"showImageEffects":true,"showParticleSystems":true,"showVisualEffectGraphs":true,"m_FxEnabled":true},"in2DMode":false,"pivot":{"x":-2.3019449710845949,"y":1.7668650150299073,"z":5.743844032287598},"rotation":{"x":-0.06442238390445709,"y":-0.11000249534845352,"z":0.006707708351314068,"w":-0.9918918013572693},"size":2.4821226596832277,"orthographic":false}