{"cameraMode":{"drawMode":0,"name":"Shaded","section":"Shading Mode"},"sceneLighting":true,"audioPlay":false,"sceneViewState":{"showFog":true,"showMaterialUpdate":false,"showSkybox":true,"showFlares":true,"showImageEffects":true,"showParticleSystems":true,"showVisualEffectGraphs":true,"m_FxEnabled":true},"in2DMode":false,"pivot":{"x":2.247209310531616,"y":-0.30502891540527346,"z":11.165863990783692},"rotation":{"x":-0.059846360236406329,"y":-0.12040197104215622,"z":0.007178019266575575,"w":-0.9909245371818543},"size":7.9272565841674809,"orthographic":false}