{"cameraMode":{"drawMode":0,"name":"Shaded","section":"Shading Mode"},"sceneLighting":true,"audioPlay":false,"sceneViewState":{"showFog":true,"showMaterialUpdate":false,"showSkybox":true,"showFlares":true,"showImageEffects":true,"showParticleSystems":true,"showVisualEffectGraphs":true,"m_FxEnabled":true},"in2DMode":false,"pivot":{"x":-3.2751309871673586,"y":-0.16436195373535157,"z":10.372916221618653},"rotation":{"x":-0.07959643751382828,"y":-0.06070904806256294,"z":0.004619049374014139,"w":-0.9950279593467712},"size":6.557466506958008,"orthographic":false}