{"cameraMode":{"drawMode":0,"name":"Shaded","section":"Shading Mode"},"sceneLighting":true,"audioPlay":false,"sceneViewState":{"showFog":true,"showMaterialUpdate":false,"showSkybox":true,"showFlares":true,"showImageEffects":true,"showParticleSystems":true,"showVisualEffectGraphs":true,"m_FxEnabled":true},"in2DMode":false,"pivot":{"x":0.1156461238861084,"y":-0.4238917827606201,"z":18.037189483642579},"rotation":{"x":-0.05427636206150055,"y":-0.020386938005685808,"z":0.0010113988537341357,"w":-0.9983657598495483},"size":10.771262168884278,"orthographic":false}