{"cameraMode":{"drawMode":0,"name":"Shaded","section":"Shading Mode"},"sceneLighting":true,"audioPlay":false,"sceneViewState":{"showFog":true,"showMaterialUpdate":false,"showSkybox":true,"showFlares":true,"showImageEffects":true,"showParticleSystems":true,"showVisualEffectGraphs":true,"m_FxEnabled":true},"in2DMode":false,"pivot":{"x":-2.365835189819336,"y":-1.3958191871643067,"z":16.890159606933595},"rotation":{"x":-0.13787797093391419,"y":-0.0009416320244781673,"z":-0.00010580155503703281,"w":-0.9905112981796265},"size":9.03931999206543,"orthographic":false}