{"cameraMode":{"drawMode":0,"name":"Shaded","section":"Shading Mode"},"sceneLighting":true,"audioPlay":false,"sceneViewState":{"showFog":true,"showMaterialUpdate":false,"showSkybox":true,"showFlares":true,"showImageEffects":true,"showParticleSystems":true,"showVisualEffectGraphs":true,"m_FxEnabled":true},"in2DMode":false,"pivot":{"x":0.8486785888671875,"y":0.05251908302307129,"z":-0.21915149688720704},"rotation":{"x":-0.10717510432004929,"y":-0.1317778080701828,"z":0.014142906293272972,"w":-0.9854249358177185},"size":2.763082504272461,"orthographic":false}