{"cameraMode":{"drawMode":0,"name":"Shaded","section":"Shading Mode"},"sceneLighting":true,"audioPlay":false,"sceneViewState":{"showFog":true,"showMaterialUpdate":false,"showSkybox":true,"showFlares":true,"showImageEffects":true,"showParticleSystems":true,"showVisualEffectGraphs":true,"m_FxEnabled":true},"in2DMode":false,"pivot":{"x":1.2968446016311646,"y":0.4583926200866699,"z":10.58149242401123},"rotation":{"x":-0.06174890697002411,"y":-0.036873217672109607,"z":0.0018475339747965336,"w":-0.9974814057350159},"size":12.463530540466309,"orthographic":false}