{"cameraMode":{"drawMode":0,"name":"Shaded","section":"Shading Mode"},"sceneLighting":true,"audioPlay":false,"sceneViewState":{"showFog":true,"showMaterialUpdate":false,"showSkybox":true,"showFlares":true,"showImageEffects":true,"showParticleSystems":true,"showVisualEffectGraphs":true,"m_FxEnabled":true},"in2DMode":false,"pivot":{"x":-1.2111396789550782,"y":2.764155387878418,"z":17.043720245361329},"rotation":{"x":0.019173284992575647,"y":-0.03839612379670143,"z":-0.0008041412220336497,"w":-0.9991256594657898},"size":14.386210441589356,"orthographic":false}