{"cameraMode":{"drawMode":0,"name":"Shaded","section":"Shading Mode"},"sceneLighting":true,"audioPlay":false,"sceneViewState":{"showFog":true,"showMaterialUpdate":false,"showSkybox":true,"showFlares":true,"showImageEffects":true,"showParticleSystems":true,"showVisualEffectGraphs":true,"m_FxEnabled":true},"in2DMode":false,"pivot":{"x":-7.109999656677246,"y":-1.5900001525878907,"z":10.699999809265137},"rotation":{"x":-0.039305660873651507,"y":-0.014431039802730084,"z":0.000080685036664363,"w":-0.9991987943649292},"size":9.037378311157227,"orthographic":false}