{"cameraMode":{"drawMode":0,"name":"Shaded","section":"Shading Mode"},"sceneLighting":true,"audioPlay":false,"sceneViewState":{"showFog":true,"showMaterialUpdate":false,"showSkybox":true,"showFlares":true,"showImageEffects":true,"showParticleSystems":true,"showVisualEffectGraphs":true,"m_FxEnabled":true},"in2DMode":false,"pivot":{"x":0.4156029224395752,"y":-0.2892073392868042,"z":18.18285369873047},"rotation":{"x":-0.055762361735105517,"y":-0.029369916766881944,"z":0.0015367900487035514,"w":-0.9980641603469849},"size":9.588456153869629,"orthographic":false}