{"cameraMode":{"drawMode":0,"name":"Shaded","section":"Shading Mode"},"sceneLighting":true,"audioPlay":false,"sceneViewState":{"showFog":true,"showMaterialUpdate":false,"showSkybox":true,"showFlares":true,"showImageEffects":true,"showParticleSystems":true,"showVisualEffectGraphs":true,"m_FxEnabled":true},"in2DMode":false,"pivot":{"x":0.4156029224395752,"y":-0.2892073392868042,"z":18.18285369873047},"rotation":{"x":-0.019785111770033838,"y":-0.054878491908311847,"z":0.0009879058925434948,"w":-0.9983468055725098},"size":9.588456153869629,"orthographic":false}