{"cameraMode":{"drawMode":0,"name":"Shaded","section":"Shading Mode"},"sceneLighting":true,"audioPlay":false,"sceneViewState":{"showFog":true,"showMaterialUpdate":false,"showSkybox":true,"showFlares":true,"showImageEffects":true,"showParticleSystems":true,"showVisualEffectGraphs":true,"m_FxEnabled":true},"in2DMode":false,"pivot":{"x":1.8749258518218995,"y":2.512932538986206,"z":17.584457397460939},"rotation":{"x":-0.021308954805135728,"y":-0.012908524833619595,"z":0.00016291928477585316,"w":-0.9997310042381287},"size":13.030265808105469,"orthographic":false}