{"cameraMode":{"drawMode":0,"name":"Shaded","section":"Shading Mode"},"sceneLighting":true,"audioPlay":false,"sceneViewState":{"showFog":true,"showMaterialUpdate":false,"showSkybox":true,"showFlares":true,"showImageEffects":true,"showParticleSystems":true,"showVisualEffectGraphs":true,"m_FxEnabled":true},"in2DMode":false,"pivot":{"x":0.47735118865966799,"y":-22.250396728515626,"z":110.1230697631836},"rotation":{"x":-0.09763076156377793,"y":-0.029318563640117646,"z":0.0024654727894812824,"w":-0.9948593974113464},"size":56.45699691772461,"orthographic":false}