{"cameraMode":{"drawMode":0,"name":"Shaded","section":"Shading Mode"},"sceneLighting":true,"audioPlay":false,"sceneViewState":{"showFog":true,"showMaterialUpdate":false,"showSkybox":true,"showFlares":true,"showImageEffects":true,"showParticleSystems":true,"showVisualEffectGraphs":true,"m_FxEnabled":true},"in2DMode":false,"pivot":{"x":-22.83149528503418,"y":-5.128267288208008,"z":10.448542594909668},"rotation":{"x":-0.1066066101193428,"y":-0.014366794377565384,"z":0.0012663670349866152,"w":-0.9942634105682373},"size":32.34572219848633,"orthographic":false}