{"cameraMode":{"drawMode":0,"name":"Shaded","section":"Shading Mode"},"sceneLighting":true,"audioPlay":false,"sceneViewState":{"showFog":true,"showMaterialUpdate":false,"showSkybox":true,"showFlares":true,"showImageEffects":true,"showParticleSystems":true,"showVisualEffectGraphs":true,"m_FxEnabled":true},"in2DMode":false,"pivot":{"x":12.562239646911621,"y":-1.4236998558044434,"z":9.074504852294922},"rotation":{"x":-0.03629712387919426,"y":-0.03541019558906555,"z":0.0008521850104443729,"w":-0.9987857937812805},"size":15.49300479888916,"orthographic":false}