{"cameraMode":{"drawMode":0,"name":"Shaded","section":"Shading Mode"},"sceneLighting":true,"audioPlay":false,"sceneViewState":{"showFog":true,"showMaterialUpdate":false,"showSkybox":true,"showFlares":true,"showImageEffects":true,"showParticleSystems":true,"showVisualEffectGraphs":true,"m_FxEnabled":true},"in2DMode":false,"pivot":{"x":0.5034053921699524,"y":0.4613676071166992,"z":11.106425285339356},"rotation":{"x":-0.13460099697113038,"y":-0.06927605718374253,"z":0.009082479402422905,"w":-0.9885046482086182},"size":9.037378311157227,"orthographic":false}