{"cameraMode":{"drawMode":0,"name":"Shaded","section":"Shading Mode"},"sceneLighting":true,"audioPlay":false,"sceneViewState":{"showFog":true,"showMaterialUpdate":false,"showSkybox":true,"showFlares":true,"showImageEffects":true,"showParticleSystems":true,"showVisualEffectGraphs":true,"m_FxEnabled":true},"in2DMode":false,"pivot":{"x":5.415350437164307,"y":1.3101072311401368,"z":11.12636947631836},"rotation":{"x":-0.039305660873651507,"y":-0.014431039802730084,"z":0.000080685036664363,"w":-0.9991987943649292},"size":10.460453987121582,"orthographic":false}