{"cameraMode":{"drawMode":0,"name":"Shaded","section":"Shading Mode"},"sceneLighting":true,"audioPlay":false,"sceneViewState":{"showFog":true,"showMaterialUpdate":false,"showSkybox":true,"showFlares":true,"showImageEffects":true,"showParticleSystems":true,"showVisualEffectGraphs":true,"m_FxEnabled":true},"in2DMode":false,"pivot":{"x":0.05738154053688049,"y":2.2476227283477785,"z":0.41475725173950198},"rotation":{"x":-0.06879392266273499,"y":-0.12186253070831299,"z":0.008028112351894379,"w":-0.9902006983757019},"size":0.6188625693321228,"orthographic":false}