{"cameraMode":{"drawMode":0,"name":"Shaded","section":"Shading Mode"},"sceneLighting":true,"audioPlay":false,"sceneViewState":{"showFog":true,"showMaterialUpdate":false,"showSkybox":true,"showFlares":true,"showImageEffects":true,"showParticleSystems":true,"showVisualEffectGraphs":true,"m_FxEnabled":true},"in2DMode":false,"pivot":{"x":0.7462814450263977,"y":0.8252170085906982,"z":-0.025475502014160157},"rotation":{"x":-0.07072005420923233,"y":-0.03384164720773697,"z":0.0022125886753201486,"w":-0.9969766736030579},"size":2.763082504272461,"orthographic":false}