{"cameraMode":{"drawMode":0,"name":"Shaded","section":"Shading Mode"},"sceneLighting":true,"audioPlay":false,"sceneViewState":{"showFog":true,"showMaterialUpdate":false,"showSkybox":true,"showFlares":true,"showImageEffects":true,"showParticleSystems":true,"showVisualEffectGraphs":true,"m_FxEnabled":true},"in2DMode":false,"pivot":{"x":0.05738154053688049,"y":2.2476227283477785,"z":0.41475725173950198},"rotation":{"x":-0.07203690707683563,"y":-0.08314540982246399,"z":0.005589284468442202,"w":-0.9939875602722168},"size":0.6188625693321228,"orthographic":false}