{"cameraMode":{"drawMode":0,"name":"Shaded","section":"Shading Mode"},"sceneLighting":true,"audioPlay":false,"sceneViewState":{"showFog":true,"showMaterialUpdate":false,"showSkybox":true,"showFlares":true,"showImageEffects":true,"showParticleSystems":true,"showVisualEffectGraphs":true,"m_FxEnabled":true},"in2DMode":false,"pivot":{"x":39.906742095947269,"y":-1.556715488433838,"z":11.318881034851075},"rotation":{"x":-0.07523977756500244,"y":0.006535087246447802,"z":-0.0008482457487843931,"w":-0.99721360206604},"size":9.037378311157227,"orthographic":false}