{"cameraMode":{"drawMode":0,"name":"Shaded","section":"Shading Mode"},"sceneLighting":true,"audioPlay":false,"sceneViewState":{"showFog":true,"showMaterialUpdate":false,"showSkybox":true,"showFlares":true,"showImageEffects":true,"showParticleSystems":true,"showVisualEffectGraphs":true,"m_FxEnabled":true},"in2DMode":false,"pivot":{"x":10.361648559570313,"y":0.9003238677978516,"z":15.897262573242188},"rotation":{"x":-0.10499990731477738,"y":-0.04863588511943817,"z":0.005034861154854298,"w":-0.9933231472969055},"size":18.116134643554689,"orthographic":false}