{"cameraMode":{"drawMode":0,"name":"Shaded","section":"Shading Mode"},"sceneLighting":true,"audioPlay":false,"sceneViewState":{"showFog":true,"showMaterialUpdate":false,"showSkybox":true,"showFlares":true,"showImageEffects":true,"showParticleSystems":true,"showVisualEffectGraphs":true,"m_FxEnabled":true},"in2DMode":false,"pivot":{"x":-1.171040415763855,"y":0.06607210636138916,"z":10.432779312133789},"rotation":{"x":-0.05278359353542328,"y":-0.02491002157330513,"z":0.0008822346571832895,"w":-0.9983676671981812},"size":9.807599067687989,"orthographic":false}