{"cameraMode":{"drawMode":0,"name":"Shaded","section":"Shading Mode"},"sceneLighting":true,"audioPlay":false,"sceneViewState":{"showFog":true,"showMaterialUpdate":false,"showSkybox":true,"showFlares":true,"showImageEffects":true,"showParticleSystems":true,"showVisualEffectGraphs":true,"m_FxEnabled":true},"in2DMode":false,"pivot":{"x":0.5463409423828125,"y":-0.41120290756225588,"z":17.182823181152345},"rotation":{"x":-0.07667632400989533,"y":-0.041285499930381778,"z":0.003064014483243227,"w":-0.9962359070777893},"size":11.178211212158204,"orthographic":false}