{"cameraMode":{"drawMode":0,"name":"Shaded","section":"Shading Mode"},"sceneLighting":true,"audioPlay":false,"sceneViewState":{"showFog":true,"showMaterialUpdate":false,"showSkybox":true,"showFlares":true,"showImageEffects":true,"showParticleSystems":true,"showVisualEffectGraphs":true,"m_FxEnabled":true},"in2DMode":false,"pivot":{"x":1.7288920879364014,"y":3.029611349105835,"z":10.127020835876465},"rotation":{"x":-0.04829668626189232,"y":-0.00544002465903759,"z":-0.00022399784938897938,"w":-0.9988939762115479},"size":9.037378311157227,"orthographic":false}