{"cameraMode":{"drawMode":0,"name":"Shaded","section":"Shading Mode"},"sceneLighting":true,"audioPlay":false,"sceneViewState":{"showFog":true,"showMaterialUpdate":false,"showSkybox":true,"showFlares":true,"showImageEffects":true,"showParticleSystems":true,"showVisualEffectGraphs":true,"m_FxEnabled":true},"in2DMode":false,"pivot":{"x":3.858557939529419,"y":2.028442859649658,"z":11.114625930786133},"rotation":{"x":-0.053967274725437167,"y":-0.11003255844116211,"z":0.005868654232472181,"w":-0.9924828410148621},"size":9.342888832092286,"orthographic":false}