{"cameraMode":{"drawMode":0,"name":"Shaded","section":"Shading Mode"},"sceneLighting":true,"audioPlay":false,"sceneViewState":{"showFog":true,"showMaterialUpdate":false,"showSkybox":true,"showFlares":true,"showImageEffects":true,"showParticleSystems":true,"showVisualEffectGraphs":true,"m_FxEnabled":true},"in2DMode":false,"pivot":{"x":18.834762573242189,"y":-14.765218734741211,"z":93.24894714355469},"rotation":{"x":-0.05726737156510353,"y":-0.027887430042028428,"z":0.0013268385082483292,"w":-0.9980347156524658},"size":61.65027618408203,"orthographic":false}