{"cameraMode":{"drawMode":0,"name":"Shaded","section":"Shading Mode"},"sceneLighting":true,"audioPlay":false,"sceneViewState":{"showFog":true,"showMaterialUpdate":false,"showSkybox":true,"showFlares":true,"showImageEffects":true,"showParticleSystems":true,"showVisualEffectGraphs":true,"m_FxEnabled":true},"in2DMode":false,"pivot":{"x":7.306031227111816,"y":0.12495052814483643,"z":10.384666442871094},"rotation":{"x":-0.06476960331201554,"y":-0.0009490356897003949,"z":-0.00037532305577769876,"w":-0.9979729652404785},"size":9.169269561767579,"orthographic":false}